Id	Country	City
	ARGENTINA	BUENOS AIRES
	ARGENTINA	BUENOS AIRES-AEROPARQUE APT
	ARGENTINA	BUENOS AIRES-EZEIZA APT
	ARGENTINA	CORDOBA
	ARGENTINA	LA PLATA
	ARGENTINA	MAR DEL PLATA
	ARGENTINA	MENDOZA
	ARGENTINA	NECOCHEA/QUEQUEN
	ARGENTINA	NEUQUEN
	ARGENTINA	ROSARIO
	ARGENTINA	SAN CARLOS DE BARILOCHE
	ARGENTINA	TRELEW
	ARGENTINA	TUCUMAN
	ARGENTINA	VILLA GESELL
	ARGENTINA	ZARATE
	AUSTRALIA	ADELAIDE, SA
	AUSTRALIA	CANBERRA
	AUSTRALIA	MELBOURNE/INT. APT, VI
	AUSTRIA	VIENNA
	AZERBAIJAN	BAKU
	BANGLADESH	CHITTAGONG
	BELARUS	MINSK
	BELGIUM	ANTWERPEN
	BOLIVIA	COCHABAMBA
	BOLIVIA	LA PAZ
	BOLIVIA	SANTA CRUZ
	BRAZIL	ITAJAI, SC
	BRAZIL	PARANAGUA, PR
	BRAZIL	RECIFE, PE
	BRAZIL	RIO DE JANEIRO, RJ
	BRAZIL	RIO DE JANEIRO-GALEAO APT
	BRAZIL	RIO DE JANEIRO-SANTOS DUMONT
	BRAZIL	RIO GRANDE, RS
	BRAZIL	SANTO ANDRE, SP
	BRAZIL	SAO PAULO, SP
	BRAZIL	SAO PAULO-COGONHAS APT
	BRAZIL	SAO PAULO-CUMBICA APT
	BRAZIL	SAO PAULO-VIRACOPOS APT
	BULGARIA	VARNA
	CHILE	ARICA
	CHILE	IQUIQUE
	CHILE	SAN ANTONIO
	CHILE	SANTIAGO-LOS CERILLOS APT
	CHILE	SANTIAGO-PUDAHUEL APT
	CHILE	VALPARAISO/LAS SALINAS
	CHINA PEO REP OF	CHANGSHA
	CHINA PEO REP OF	CHENGDU
	CHINA PEO REP OF	DALIAN
	CHINA PEO REP OF	GUANGZHOU
	CHINA PEO REP OF	HUANGPU
	CHINA PEO REP OF	LIANYUNGANG
	CHINA PEO REP OF	NINGBO
	CHINA PEO REP OF	QINGDAO
	CHINA PEO REP OF	SHANGHAI
	CHINA PEO REP OF	SHENYANG
	CHINA PEO REP OF	SHENZHEN
	CHINA PEO REP OF	URUMQI
	CHINA PEO REP OF	XI AN
	CHINA PEO REP OF	ZHENGZHOU
	COLOMBIA	BARRANQUILLA
	COLOMBIA	BOGOTA
	COLOMBIA	CALI
	COLOMBIA	CARTAGENA
	COLOMBIA	MEDELLIN
	COSTA RICA	CALDERA
	COSTA RICA	PUERTO LIMON
	COSTA RICA	SAN JOSE
	CZECH REPUBLIC	OSTRAVA
	CZECH REPUBLIC	PRAHA/RUZYNE APT
	DENMARK	AARHUS
	DENMARK	KOBENHAVN
	DOMINICAN REP	HAINA (RIO HAINA)
	DOMINICAN REP	LA ROMANA
	DOMINICAN REP	SANTO DOMINGO
	ECUADOR	ESMERALDAS
	ECUADOR	GUAYAQUIL
	ECUADOR	QUITO
	EL SALVADOR	SAN SALVADOR
	ESTONIA	TALLINN
	FINLAND	HELSINGFORS/HELSINKI
	FINLAND	RAUMO/RAUMA
	FRANCE	FOS-SUR-MER
	FRANCE	LE HAVRE
	FRANCE	LYON
	FRANCE	MARSEILLE
	FRANCE	MONTPELLIER
	FRANCE	PARIS
	GEORGIA	POTI
	GEORGIA	TBILISI
	GERMANY, FED REP OF	BREMEN
	GERMANY, FED REP OF	DUISBURG
	GERMANY, FED REP OF	FRANKFURT
	GERMANY, FED REP OF	HAMBURG
	GERMANY, FED REP OF	MUNCHEN
	GUATEMALA	PUERTO BARRIOS
	GUATEMALA	PUERTO QUETZAL
	GUATEMALA	SANTO TOMAS DE CASTILLA
	HONG KONG, CHINA	HONG KONG
	HONG KONG, CHINA	VICTORIA
	HUNGARY	BUDAPEST
	INDIA	CHENNAI
	INDIA	DELHI
	INDIA	MUMBAI
	INDIA	NHAVA SHEVA
	INDONESIA	JAKARTA, JAVA
	INDONESIA	TANJUNG PERAK/SURABAYA, JAVA
	IRAN (ISLAMIC REP OF)	BANDAR ABBAS
	ISRAEL	ASHDOD
	ISRAEL	HAIFA
	ITALY	ANCONA
	ITALY	GENOVA/GENOA
	ITALY	LA SPEZIA
	ITALY	MILANO
	ITALY	NAPOLI
	KAZAKHSTAN	ALMATY (ALMA MATA)
	KAZAKHSTAN	KARAGANDA
	KOREA, REP OF	KIM HAE APT/PUSAN
	KOREA, REP OF	KIM PO APT/SEOUL
	KYRGYZSTAN	BISHKEK
	KYRGYZSTAN	FERGANA
	LATVIA	RIGA
	LITHUANIA	KLAIPEDA
	LITHUANIA	VILNIUS
	MALAYSIA	KUALA LUMPUR
	MALAYSIA	PASIR GUDANG, JOHOR PORT JOHOR
	MALAYSIA	PORT KLANG
	MEXICO	GUADALAJARA, GRO
	MEXICO	MANZANILLO, COL
	MEXICO	MEXICO CITY
	MEXICO	MONTERREY, NL
	MEXICO	PROGRESO, YUC
	MEXICO	VERACRUZ
	NETHERLANDS	AMSTERDAM
	NETHERLANDS	ROTTERDAM
	NICARAGUA	CORINTO
	NICARAGUA	MANAGUA
	NICARAGUA	PUERTO CABEZAS
	NORWAY	FLESLAND APT/BERGEN
	NORWAY	FORNEBU APT/OSLO
	PAKISTAN	MUHAMMAD BIN QASIM/KARACHI
	PANAMA	BALBOA
	PANAMA	COLON
	PANAMA	MANZANILLO
	PANAMA	PANAMA CITY
	PARAGUAY	ASUNCION
	PERU	CALLAO
	PHILIPPINES	BISLIG, MINDANAO
	PHILIPPINES	BIYAWA/DAVAO
	PHILIPPINES	CAGAYAN DE ORO, MINDANAO
	PHILIPPINES	CEBU
	PHILIPPINES	MATI, MINDANAO
	POLAND	GDANSK
	POLAND	GDYNIA
	POLAND	WARSZAWA
	PORTUGAL	ANGRA DO HEROISMO, AZ
	PORTUGAL	AVEIRO
	PORTUGAL	BANATICA/LISBOA
	PORTUGAL	FARO
	PORTUGAL	FIGUEIRA DA FOZ
	PORTUGAL	FLORES ISLAND, AZ
	PORTUGAL	FUNCHAL, MADEIRA
	PORTUGAL	HORTA, AZ
	PORTUGAL	LAGOS
	PORTUGAL	LEIXOES
	PORTUGAL	LISBOA
	PORTUGAL	O P PORTUGAL
	PORTUGAL	OLHAO
	PORTUGAL	PONTA DELGADA, AZ
	PORTUGAL	PORTIMAO
	PORTUGAL	PORTO
	PORTUGAL	PORTO SANTO
	PORTUGAL	SANTA MARIA, AZ
	PORTUGAL	SAO MIGUEL, AZ
	PORTUGAL	SETUBAL
	PORTUGAL	SINES
	PORTUGAL	TERCEIRA, AZ
	PORTUGAL	VIANA DO CASTELO
	PORTUGAL	VILA REAL DE SANTO ANTONIO
	PUERTO RICO	SAN JUAN
	QATAR	DOHA
	QATAR	UMMSAID
	ROMANIA	CONSTANTA
	RUSSIA	IRKUTSK
	RUSSIA	KRASNOJARSK
	RUSSIA	MOSCOW
	RUSSIA	NOVOROSSIYSK
	RUSSIA	NOVOSIBIRSK
	RUSSIA	ST PETERSBURG
	RUSSIA	VLADIVOSTOK
	RUSSIA	YEKATERINBURG
	SINGAPORE	SINGAPORE
	SLOVAK REPUBLIC	BRATISLAVA
	SOUTH AFRICA	CAPETOWN
	SOUTH AFRICA	DURBAN
	SOUTH AFRICA	JOHANNESBURG
	SOUTH AFRICA	PORT ELIZABETH
	SPAIN	ALAVA
	SPAIN	ALBACETE
	SPAIN	ALCANICES
	SPAIN	ALCUDIA
	SPAIN	ALGECIRAS
	SPAIN	ALICANTE
	SPAIN	ALMERIA
	SPAIN	ARRECIFE DE LANZAROTE
	SPAIN	ASTURIAS APT
	SPAIN	AVILA
	SPAIN	AVILES
	SPAIN	AYAMONTE
	SPAIN	BADAJOZ
	SPAIN	BARCELONA
	SPAIN	BILBAO
	SPAIN	BURGOS
	SPAIN	BURRIANA
	SPAIN	CADIZ
	SPAIN	CANFRANC
	SPAIN	CARTAGENA
	SPAIN	CASTELLON DE LA PLANA
	SPAIN	CEUTA
	SPAIN	CIUDAD REAL
	SPAIN	CORCUBION
	SPAIN	CORDOBA
	SPAIN	CUENCA
	SPAIN	EL FERROL
	SPAIN	ELIZONDO
	SPAIN	FUENTES DE ONORO
	SPAIN	FUERTEVENTURA/PTO DEL ROSARIO
	SPAIN	GANDIA
	SPAIN	GERONA
	SPAIN	GIJON
	SPAIN	GRANADA
	SPAIN	GRAO
	SPAIN	GUADALAJARA
	SPAIN	GUIPUZCOA APT
	SPAIN	HIERRO
	SPAIN	HUELVA
	SPAIN	HUESCA
	SPAIN	IBIZA
	SPAIN	IRUN
	SPAIN	JAEN
	SPAIN	JEREZ
	SPAIN	JEREZ FRONTERA APT
	SPAIN	LA CORUNA
	SPAIN	LA JUNQUERA
	SPAIN	LAS PALMAS, GRAN CANARIA
	SPAIN	LEON
	SPAIN	LERIDA
	SPAIN	LES
	SPAIN	LOGRONO
	SPAIN	LUGO
	SPAIN	MADRID
	SPAIN	MAHON
	SPAIN	MALAGA
	SPAIN	MARIN
	SPAIN	MELILLA
	SPAIN	MOTRIL
	SPAIN	MURCIA
	SPAIN	MUSEL
	SPAIN	O P SPAIN
	SPAIN	ORENSE
	SPAIN	PALAMOS
	SPAIN	PALENCIA
	SPAIN	PALMA DE MALLORCA
	SPAIN	PAMPLONA
	SPAIN	PASAJES
	SPAIN	PORT BOU
	SPAIN	PUERTO DE SANTA MARIA
	SPAIN	PUIGCERDA
	SPAIN	RIBADEO
	SPAIN	ROSAL DE LA FRONTERA
	SPAIN	SAGUNTO
	SPAIN	SAN CARLOS DE LA RAPITA
	SPAIN	SAN FELIU DE GUIXOLS
	SPAIN	SAN FERNANDO
	SPAIN	SAN SEBASTIAN
	SPAIN	SAN SEBASTIAN DE LA GOMERA
	SPAIN	SANTA CRUZ DE LA PALMA
	SPAIN	SANTA CRUZ DE TENERIFE
	SPAIN	SANTANDER
	SPAIN	SANTIAGO DE COMPOSTELA APT
	SPAIN	SANTURCE
	SPAIN	SEGOVIA
	SPAIN	SEO DE URGEL
	SPAIN	SEVILLA
	SPAIN	SORIA
	SPAIN	TARRAGONA
	SPAIN	TENERIFE APT
	SPAIN	TERUEL
	SPAIN	TOLEDO
	SPAIN	TORREVIEJA
	SPAIN	TUY
	SPAIN	VALCARLOS
	SPAIN	VALENCIA
	SPAIN	VALENCIA DE ALCANTARA
	SPAIN	VALLADOLID
	SPAIN	VERIN
	SPAIN	VIGO
	SPAIN	VILLAGARCIA
	SPAIN	ZARAGOZA
	SWEDEN	GAVLE
	SWEDEN	GOTHENBURG
	TAIWAN	KAOHSIUNG (TAKAO)
	TAIWAN	KEELUNG (CHILUNG)
	TAJIKISTAN	DUSHANBE
	THAILAND	BANGKOK
	THAILAND	LAEM CHABANG
	TURKEY	GEBZE
	TURKEY	 ISTANBUL
	TURKEY	IZMIR
	TURKMENISTAN	ASHKHABAD
	UKRAINE	KIEV
	UKRAINE	ODESSA
	UNITED ARAB EMIRATES	ABU DHABI
	UNITED ARAB EMIRATES	JEBEL ALI
	UNITED KINGDOM	BIRMINGHAM
	UNITED KINGDOM	FELIXSTOWE
	UNITED KINGDOM	GLASGOW
	UNITED KINGDOM	LIVERPOOL
	UNITED KINGDOM	LONDON/GATWICK APT
	UNITED STATES	ATLANTA, GA
	UNITED STATES	BROOKLYN/NEW YORK, NY
	UNITED STATES	CHICAGO, IL
	UNITED STATES	COLUMBUS, OH
	UNITED STATES	DALLAS-LOVE FIELD/FORT WORTH
	UNITED STATES	DETROIT, MI
	UNITED STATES	FORT LAUDERDALE, FL
	UNITED STATES	FORT WORTH, TX (CF. DALLAS)
	UNITED STATES	GALVESTON, TX
	UNITED STATES	HOUSTON, TX
	UNITED STATES	LA GUARDIA APT/NEW YORK
	UNITED STATES	LOS ANGELES, CA
	UNITED STATES	MEMPHIS, TN
	UNITED STATES	MIAMI, FL
	UNITED STATES	NEW YORK, NY
	UNITED STATES	NEWARK, NJ
	UNITED STATES	NEWPORT NEWS/NORFOLK, VA
	UNITED STATES	NORFOLK, VA
	UNITED STATES	ORLANDO, FL
	UNITED STATES	SAVANNAH, GA
	UNITED STATES	SEATTLE, WN
	UNITED STATES	TAMPA, FL
	UNITED STATES	TEXAS CITY, TX
	URUGUAY	ARTIGAS
	URUGUAY	BELLA UNION
	URUGUAY	COLONIA
	URUGUAY	FRAY BENTOS
	URUGUAY	MELO
	URUGUAY	MONTEVIDEO
	URUGUAY	NUEVA PALMIRA
	URUGUAY	O P URUGUAY
	URUGUAY	PAYSANDU
	URUGUAY	PUNTA DEL ESTE
	URUGUAY	RIVERA
	URUGUAY	SALTO
	UZBEKISTAN	FERGANA
	UZBEKISTAN	SAMARKAND
	UZBEKISTAN	TASHKENT